Workbook

Sheet Mar-26
A1: Date | C1: 46082 | D1: 46083 | E1: 46084 | F1: 46085 | G1: 46086 | H1: 46087 | I1: 46088 | J1: 46089 | K1: 46090 | L1: 46091 | M1: 46092 | N1: 46093 | O1: 46094 | P1: 46095 | Q1: 46096 | R1: 46097 | S1: 46098 | T1: 46099 | U1: 46100 | V1: 46101 | W1: 46102 | X1: 46103 | Y1: 46104 | Z1: 46105 | AA1: 46106 | AB1: 46107 | AC1: 46108 | AD1: 46109 | AE1: 46110 | AF1: 46111 | AG1: 46112 | AH1: Total Leaves | AI1: Working Days
A2: Name/Day | B2: Team | C2: =TEXT(C1,"dddd") -> Sunday | D2: =TEXT(D1,"dddd") -> Monday | E2: =TEXT(E1,"dddd") -> Tuesday | F2: =TEXT(F1,"dddd") -> Wednesday | G2: =TEXT(G1,"dddd") -> Thursday | H2: =TEXT(H1,"dddd") -> Friday | I2: =TEXT(I1,"dddd") -> Saturday | J2: =TEXT(J1,"dddd") -> Sunday | ... AG2: =TEXT(AG1,"dddd") -> Tuesday
A3: Steven Spielberg | B3: Sydney - Williams | C3: Weekend | E3: PL | F3: H | I3: Weekend | J3: Weekend | P3: Weekend | Q3: Weekend | W3: Weekend | X3: Weekend | AD3: Weekend | AE3: Weekend | AH3: =COUNTIF(C3:AG3, "PL") + COUNTIF(C3:AG3, "UL") -> 1 | AI3: =COUNTBLANK(C3:AG3) -> 20
A4: Christopher Nolan | B4: Sydney - BSH | C4: Weekend | F4: H | I4: Weekend | J4: Weekend | P4: Weekend | Q4: Weekend | R4: PL | S4: PL | W4: Weekend | X4: Weekend | AD4: Weekend | AE4: Weekend | AH4: =COUNTIF(C4:AG4, "PL") + COUNTIF(C4:AG4, "UL") -> 2 | AI4: =COUNTBLANK(C4:AG4) -> 19
A5: Sam Raimi | B5: Sydney - Renault | C5: Weekend | F5: H | I5: Weekend | J5: Weekend | K5: PL | P5: Weekend | Q5: Weekend | W5: Weekend | X5: Weekend | AD5: Weekend | AE5: Weekend | AH5: =COUNTIF(C5:AG5, "PL") + COUNTIF(C5:AG5, "UL") -> 1 | AI5: =COUNTBLANK(C5:AG5) -> 20
A6: Anurag Kashyap | B6: Sydney- Mobile | C6: Weekend | F6: H | I6: Weekend | J6: Weekend | L6: PL | P6: Weekend | Q6: Weekend | W6: Weekend | X6: Weekend | AD6: Weekend | AE6: Weekend | AH6: =COUNTIF(C6:AG6, "PL") + COUNTIF(C6:AG6, "UL") -> 1 | AI6: =COUNTBLANK(C6:AG6) -> 20
C7: Weekend | F7: H | I7: Weekend | J7: Weekend | P7: Weekend | Q7: Weekend | W7: Weekend | X7: Weekend | AD7: Weekend | AE7: Weekend | AH7: =COUNTIF(C7:AG7, "PL") + COUNTIF(C7:AG7, "UL") -> 0 | AI7: =COUNTBLANK(C7:AG7) -> 21
C8: Weekend | F8: H | I8: Weekend | J8: Weekend | P8: Weekend | Q8: Weekend | W8: Weekend | X8: Weekend | AD8: Weekend | AE8: Weekend | AH8: =COUNTIF(C8:AG8, "PL") + COUNTIF(C8:AG8, "UL") -> 0 | AI8: =COUNTBLANK(C8:AG8) -> 21
C9: Weekend | F9: H | I9: Weekend | J9: Weekend | P9: Weekend | Q9: Weekend | W9: Weekend | X9: Weekend | AD9: Weekend | AE9: Weekend | AH9: =COUNTIF(C9:AG9, "PL") + COUNTIF(C9:AG9, "UL") -> 0 | AI9: =COUNTBLANK(C9:AG9) -> 21
C10: Weekend | F10: H | I10: Weekend | J10: Weekend | P10: Weekend | Q10: Weekend | W10: Weekend | X10: Weekend | AD10: Weekend | AE10: Weekend | AH10: =COUNTIF(C10:AG10, "PL") + COUNTIF(C10:AG10, "UL") -> 0 | AI10: =COUNTBLANK(C10:AG10) -> 21
C11: Weekend | F11: H | I11: Weekend | J11: Weekend | P11: Weekend | Q11: Weekend | W11: Weekend | X11: Weekend | AD11: Weekend | AE11: Weekend | AH11: =COUNTIF(C11:AG11, "PL") + COUNTIF(C11:AG11, "UL") -> 0 | AI11: =COUNTBLANK(C11:AG11) -> 21
C12: Weekend | F12: H | I12: Weekend | J12: Weekend | P12: Weekend | Q12: Weekend | W12: Weekend | X12: Weekend | AD12: Weekend | AE12: Weekend | AH12: =COUNTIF(C12:AG12, "PL") + COUNTIF(C12:AG12, "UL") -> 0 | AI12: =COUNTBLANK(C12:AG12) -> 21
C13: Weekend | F13: H | I13: Weekend | J13: Weekend | P13: Weekend | Q13: Weekend | W13: Weekend | X13: Weekend | AD13: Weekend | AE13: Weekend | AH13: =COUNTIF(C13:AG13, "PL") + COUNTIF(C13:AG13, "UL") -> 0 | AI13: =COUNTBLANK(C13:AG13) -> 21
C14: Weekend | F14: H | I14: Weekend | J14: Weekend | P14: Weekend | Q14: Weekend | W14: Weekend | X14: Weekend | AD14: Weekend | AE14: Weekend | AH14: =COUNTIF(C14:AG14, "PL") + COUNTIF(C14:AG14, "UL") -> 0 | AI14: =COUNTBLANK(C14:AG14) -> 21
C15: Weekend | F15: H | I15: Weekend | J15: Weekend | P15: Weekend | Q15: Weekend | W15: Weekend | X15: Weekend | AD15: Weekend | AE15: Weekend | AH15: =COUNTIF(C15:AG15, "PL") + COUNTIF(C15:AG15, "UL") -> 0 | AI15: =COUNTBLANK(C15:AG15) -> 21
C16: Weekend | F16: H | I16: Weekend | J16: Weekend | P16: Weekend | Q16: Weekend | W16: Weekend | X16: Weekend | AD16: Weekend | AE16: Weekend | AH16: =COUNTIF(C16:AG16, "PL") + COUNTIF(C16:AG16, "UL") -> 0 | AI16: =COUNTBLANK(C16:AG16) -> 21
C17: Weekend | F17: H | I17: Weekend | J17: Weekend | P17: Weekend | Q17: Weekend | W17: Weekend | X17: Weekend | AD17: Weekend | AE17: Weekend | AH17: =COUNTIF(C17:AG17, "PL") + COUNTIF(C17:AG17, "UL") -> 0 | AI17: =COUNTBLANK(C17:AG17) -> 21
C18: Weekend | F18: H | I18: Weekend | J18: Weekend | P18: Weekend | Q18: Weekend | W18: Weekend | X18: Weekend | AD18: Weekend | AE18: Weekend | AH18: =COUNTIF(C18:AG18, "PL") + COUNTIF(C18:AG18, "UL") -> 0 | AI18: =COUNTBLANK(C18:AG18) -> 21
... C21: Weekend | F21: H | I21: Weekend | J21: Weekend | P21: Weekend | Q21: Weekend | W21: Weekend | X21: Weekend | AD21: Weekend | AE21: Weekend | AH21: =COUNTIF(C21:AG21, "PL") + COUNTIF(C21:AG21, "UL") -> 0 | AI21: =COUNTBLANK(C21:AG21) -> 21
AH22: =SUM(AH3:AH20) -> 5 | AI22: =SUM(AI3:AI20) -> 373
A24: Absence Type | B24: Code
A25: Planned Leave | B25: PL
A26: Holiday and Bank Holiday | B26: H
A27: Morning Leave | B27: L1
A28: Afternoon Leave | B28: L2
A29: Unplanned Leave | B29: UL

Sheet Count
A1: Date | C1: Leaves | D1: Leaves | E1: Total Leaves
A2: Name/Day | B2: Team | C2: Jan- Mar | D2: Apr - Jun
A3: Steven Spielberg | B3: Sydney - Williams | C3: ='Mar-26'!AH3 -> 1 | E3: =C3+D3 -> 1
A4: Christopher Nolan | B4: Sydney - BSH | C4: ='Mar-26'!AH4 -> 2 | E4: =C4+D4 -> 2
A5: Sam Raimi | B5: Sydney - Renault | C5: ='Mar-26'!AH5 -> 1 | E5: =C5+D5 -> 1
A6: Anurag Kashyap | B6: Sydney- Mobile | C6: ='Mar-26'!AH6 -> 1 | E6: =C6+D6 -> 1
C7: ='Mar-26'!AH7 -> 0 | E7: =C7+D7 -> 0
C8: ='Mar-26'!AH8 -> 0 | E8: =C8+D8 -> 0
C9: ='Mar-26'!AH9 -> 0 | E9: =C9+D9 -> 0
C10: ='Mar-26'!AH10 -> 0 | E10: =C10+D10 -> 0
C11: ='Mar-26'!AH11 -> 0 | E11: =C11+D11 -> 0
C12: ='Mar-26'!AH12 -> 0 | E12: =C12+D12 -> 0
C13: ='Mar-26'!AH13 -> 0 | E13: =C13+D13 -> 0
C14: ='Mar-26'!AH14 -> 0 | E14: =C14+D14 -> 0
C15: ='Mar-26'!AH15 -> 0 | E15: =C15+D15 -> 0
C16: ='Mar-26'!AH16 -> 0 | E16: =C16+D16 -> 0
C17: ='Mar-26'!AH17 -> 0 | E17: =C17+D17 -> 0
C18: ='Mar-26'!AH18 -> 0 | E18: =C18+D18 -> 0
C19: ='Mar-26'!AH19 -> 0 | E19: =C19+D19 -> 0
